section,title,url,category,tags,description,thumbnail,decade,is_featured,is_live,is_kidsafe
LIVE_TV,Liberty Live Stream>,https://www.liberty-express.org/liberty-live-stream.html,Live TV / Streams,live,,,,False,True,False
LIVE_TV,Live TV Channels>,https://www.liberty-express.org/live-tv-channels.html,Live TV / Streams,live,,,,False,True,False
LIVE_TV,Plex Live,https://app.plex.tv/desktop/#!/live-tv/myPlex/tv.plex.provider.epg?pivotID=dvr.guide,Live TV / Streams,live,,,,False,True,False
LIVE_TV,News Entertainment,https://www.liberty-express.org/live-tv-channels.html,Live TV / Streams,,,,,True,False,False
LIVE_TV,Rumble Live News>,https://www.liberty-express.org/rumble-live-news.html,Live TV / Streams,live,,,,True,True,False
LIVE_TV,Rumble1,https://www.liberty-express.org/rumble1.html,Live TV / Streams,,,,,False,False,False
LIVE_TV,Rumble Live 2,https://www.liberty-express.org/rumble-live-2.html,Live TV / Streams,live,,,,False,True,False
LIVE_TV,Rumble Live 3,https://www.liberty-express.org/rumble-live-3.html,Live TV / Streams,live,,,,False,True,False
LIVE_TV,OAN News,https://www.liberty-express.org/oan-news.html,Live TV / Streams,,,,,True,False,False
LIVE_TV,News Now,https://www.liberty-express.org/newsnow.html,Live TV / Streams,,,,,True,False,False
LIVE_TV,Infowars/RT news,https://www.liberty-express.org/bannedthetruth.html,Live TV / Streams,,,,,True,False,False
LIVE_TV,Patriot News>,https://www.liberty-express.org/patriot-news.html,Live TV / Streams,,,,,True,False,False
LIVE_TV,News Ticker Page,https://www.liberty-express.org/news-ticker-page.html,Live TV / Streams,,,,,True,False,False
LIVE_TV,Best years of our lives,https://www.liberty-express.org/best-years-of-our-lives.html,Live TV / Streams,live,,,,False,True,False
LIVE_TV,Getter Live Streams,https://www.liberty-express.org/getter-live-streams.html,Live TV / Streams,live,,,,False,True,False
LIVE_TV,Haystack News,https://www.haystack.tv/v/newsmax-live,Live TV / Streams,,,,,True,False,False
LIVE_TV,Patriot 4 News,https://www.liberty-express.org/patriot-4-news.html,Live TV / Streams,,,,,True,False,False
LIVE_TV,Rumble 1,https://www.liberty-express.org/rumble-1.html,Live TV / Streams,,,,,False,False,False
LIVE_TV,WORKD GLOBE RADIO GARDEN,https://radio.garden,Live TV / Streams,,,,,False,False,False
LIVE_TV,Fox News Radio,https://www.liberty-express.org/fox-news-radio.html,Live TV / Streams,,,,,True,False,False
LIVE_TV,Fox-infowars  Radio,https://www.liberty-express.org/fox-infowars-radio.html,Live TV / Streams,,,,,False,False,False
LIVE_TV,Radio-Browser,https://www.radio-browser.info/map,Live TV / Streams,,,,,False,False,False
LIVE_TV,No Agenda/Oyster Radio,https://www.liberty-express.org/no-agendaoyster-radio1.html,Live TV / Streams,,,,,False,False,False
LIVE_TV,Patriot Radio>,https://www.liberty-express.org/patriot-radio.html,Live TV / Streams,,,,,False,False,False
LIVE_TV,No Agenda/Oyster Radio>,https://www.liberty-express.org/no-agendaoyster-radio.html,Live TV / Streams,,,,,False,False,False
LIVE_TV,Just News Feed ugly but works,https://www.liberty-express.org/just-news-feed-ugly-but-works.html,Live TV / Streams,,,,,True,False,False
LIVE_TV,Fox News Audio,https://www.liberty-express.org/fox-news-audio.html,Live TV / Streams,,,,,True,False,False
LIVE_TV,WHATFINGER NEWS>,https://www.whatfinger.com/,Live TV / Streams,,,,,True,False,False
LIVE_TV,WhatFinger News For Phones,https://www.whatfinger.com/home2/,Live TV / Streams,,,,,True,False,False
LIVE_TV,Listed News Sites,https://www.liberty-express.org/listed-news-sites.html,Live TV / Streams,,,,,True,False,False
LIVE_TV,Combined News Feed,https://www.liberty-express.org/combined-news-feed.html,Live TV / Streams,,,,,True,False,False
LIVE_TV,ALL NEWS TICKER,https://www.liberty-express.org/all-news-ticker.html,Live TV / Streams,,,,,True,False,False
LIVE_TV,Next News Network,https://www.youtube.com/@NextNewsNetwork/videos,Live TV / Streams,,,,,True,False,False
LIVE_TV,News Spread,https://www.liberty-express.org/news-spread.html,Live TV / Streams,,,,,True,False,False
LIVE_TV,RT News>,https://rumble.com/vwbbjn-putin-announces-special-operation-in-donbass-special-coverage.html,Live TV / Streams,,,,,True,False,False
LIVE_TV,Truth In Movies and TV Lies On the News,https://www.liberty-express.org/truth-in-movies-and-tv-lies-on-the-news.html,Live TV / Streams,movie,,,,True,False,False
LIVE_TV,Current and Past News Events,https://www.liberty-express.org/current-and-past-news-events.html,Live TV / Streams,,,,,True,False,False
LIVE_TV,Censored News,https://www.liberty-express.org/censored-news.html,Live TV / Streams,,,,,True,False,False
LIVE_TV,RUMBLE  Player,https://www.liberty-express.org/rumble-player.html,Live TV / Streams,,,,,False,False,False
LIVE_TV,RUMBLE NEWS,https://www.liberty-express.org/rumble-news1.html,Live TV / Streams,,,,,True,False,False
LIVE_TV,Liberty Radio,https://www.liberty-express.org/libertyradio.html,Live TV / Streams,,,,,False,False,False
LIVE_TV,The Best of Saturday Night Live VHS,https://www.liberty-express.org/the-best-of-saturday-night-live-vhs.html,Live TV / Streams,live,,,,False,True,False
LIVE_TV,LIVE NEWS: LiveNOW FOX 24/7 LIVE STREAM,https://www.liberty-express.org/live-news-livenow-fox-247-live-stream.html,Live TV / Streams,live,,,,True,True,False
LIVE_TV,THE NEW WKRP RADIO,https://www.thenewwkrpstreamingradio.com/,Live TV / Streams,,,,,True,False,False
LIVE_TV,Wanted Dead or Alive,https://www.liberty-express.org/wanted-dead-or-alive.html,Live TV / Streams,live,,,,False,True,False
LIVE_TV,News @ Infowars,https://www.liberty-express.org/news--infowars.html,Live TV / Streams,,,,,True,False,False
LIVE_TV,Newsnation Newsmax  Infowars,https://www.liberty-express.org/newsnation-newsmax-infowars.html,Live TV / Streams,,,,,True,False,False
LIVE_TV,City News TV,https://www.liberty-express.org/city-news-tv.html,Live TV / Streams,,,,,True,False,False
LIVE_TV,$ Gold & Cryto news,https://www.liberty-express.org/-gold--cryto-news.html,Live TV / Streams,classic,,,,True,False,False
SERIES,Cheers â€” Season 1>,https://www.liberty-express.org/cheers-mdash-season-1.html,Series,series,,,,False,False,False
SERIES,Cheers â€” Season 2,https://www.liberty-express.org/cheers-mdash-season-2.html,Series,series,,,,False,False,False
SERIES,The Beverly Hillbillies - Season 2,https://www.liberty-express.org/the-beverly-hillbillies---season-2.html,Series,series,,,,False,False,False
SERIES,The Beverly Hillbillies - Season 3,https://www.liberty-express.org/the-beverly-hillbillies---season-3.html,Series,series,,,,False,False,False
SERIES,The Fall Guy season 1,https://www.liberty-express.org/the-fall-guy-season-1.html,Series,series,,,,False,False,False
SERIES,The Lowdown - Complete Series,https://www.liberty-express.org/the-lowdown---complete-series.html,Series,series,,,,False,False,False
SERIES,The Jettisons season 1-2,https://www.liberty-express.org/the-jettisons-season-1-2.html,Series,series,,,,False,False,False
SERIES,"Sanford and Son"" Season 1",https://www.liberty-express.org/sanford-and-son-season-1.html,Series,series,,,,False,False,False
SERIES,Tucker Carlson Originals - Season 1,https://www.liberty-express.org/tucker-carlson-originals---season-1.html,Series,series,,,,False,False,False
SERIES,Hunting Season (2025),https://www.liberty-express.org/hunting-season-2025.html,Series,series,,,,False,False,False
MOVIES,Papillon (1973 film),https://www.liberty-express.org/papillon-1973-film.html,Movies,movie,,,,False,False,False
MOVIES,Patriotic-Cartoon-classics>,https://www.liberty-express.org/patriotic-cartoon-classics.html,Movies,"classic, animated",,,,False,False,True
MOVIES,Liberty Classic,https://www.liberty-express.org/liberty-classic.html,Movies,classic,,,,False,False,False
MOVIES,Movie-/PH/ZDT/TWEX,https://www.liberty-express.org/movie-phzdttwex.html,Movies,movie,,,,False,False,False
MOVIES,Bowery Classics,https://www.distro.tv/live/bowery-classics/,Movies,classic,,,,False,False,False
MOVIES,Movies TV Streamers,https://www.liberty-express.org/movies-tv-streamers.html,Movies,movie,,,,False,False,False
MOVIES,How Movies Are Made,https://www.liberty-express.org/how-movies-are-made.html,Movies,movie,,,,False,False,False
MOVIES,Crime Classics 1,https://www.liberty-express.org/crime-classics-1.html,Movies,classic,,,,False,False,False
MOVIES,Liberty Free Movies,https://www.liberty-express.org/liberty-free-movies.html,Movies,movie,,,,False,False,False
MOVIES,Classic Rewinds,https://www.liberty-express.org/classic-rewinds.html,Movies,classic,,,,False,False,False
MOVIES,Classic Rewinds,https://www.liberty-express.org/classic-rewinds1.html,Movies,classic,,,,False,False,False
MOVIES,Filmography Stanley Kubrick,https://www.liberty-express.org/filmography-stanley-kubrick.html,Movies,movie,,,,False,False,False
MOVIES,FILMOGRAPHY of KEN RUSSELL,https://www.liberty-express.org/filmography-of-ken-russell.html,Movies,movie,,,,False,False,False
MOVIES,British Classics,https://www.liberty-express.org/british-classics.html,Movies,"classic, british",,,,False,False,False
MOVIES,CLASSIC MOVIES,https://www.liberty-express.org/classic-movies.html,Movies,"classic, movie",,,,False,False,False
MOVIES,WESTERN CLASSICS,https://www.liberty-express.org/western-classics.html,Movies,"western, classic",,,,False,False,False
MOVIES,THE-MOVIE-ORGY-1968,https://www.liberty-express.org/the-movie-orgy-1968.html,Movies,movie,,,,False,False,False
MOVIES,Classic Documentaries,https://www.liberty-express.org/classic-documentaries.html,Movies,"classic, documentary",,,,False,False,False
MOVIES,Crime Classics 2,https://www.liberty-express.org/crime-classics-2.html,Movies,classic,,,,False,False,False
MOVIES,Ma and Pa Kettle Movies,https://www.liberty-express.org/ma-and-pa-kettle-movies.html,Movies,movie,,,,False,False,False
KIDS,The Addams Family (1964-1966),https://www.liberty-express.org/the-addams-family-1964-1966.html,Kids & Family,kids,,,,False,False,True
KIDS,Modern Family,https://www.liberty-express.org/modern-family.html,Kids & Family,kids,,,,False,False,True
KIDS,Biden Crime Family 1,https://www.liberty-express.org/biden-crime-family-1.html,Kids & Family,kids,,,,False,False,True
KIDS,Biden Crime Family 2,https://www.liberty-express.org/biden-crime-family-2.html,Kids & Family,kids,,,,False,False,True
KIDS,Kids sing along VHS and DVD,https://www.liberty-express.org/kids-sing-along-vhs-and-dvd.html,Kids & Family,kids,,,,False,False,True
KIDS,50 Of The Greatest Cartoons,https://www.liberty-express.org/50-of-the-greatest-cartoons.html,Kids & Family,animated,,,,False,False,True
KIDS,WINNIE THE POOH,https://www.liberty-express.org/winnie-the-pooh.html,Kids & Family,,,,,False,False,True
KIDS,My Family,https://www.liberty-express.org/my-family.html,Kids & Family,kids,,,,False,False,True
DOCUMENTARY,RT Documentary,https://livetvland.com/,Documentaries,documentary,,,,False,False,False
DOCUMENTARY,RT Documentaries,https://www.liberty-express.org/rt-documentaries.html,Documentaries,documentary,,,,False,False,False
DOCUMENTARY,Vaccine Documentary Collection>,https://archive.org/embed/vaccine-documentary-collection&playlist=1&autoplay=1,Documentaries,documentary,,,,False,False,False
RADIO,Audio Player,https://www.liberty-express.org/audio-player.html,Radio & Podcasts,,,,,False,False,False
RADIO,Podcast>,https://www.liberty-express.org/podcast.html,Radio & Podcasts,,,,,False,False,False
RADIO,Audio Books,https://www.liberty-express.org/audio-books.html,Radio & Podcasts,,,,,False,False,False
RADIO,AND WE KNOW  PODCAST,https://www.liberty-express.org/and-we-know-podcast.html,Radio & Podcasts,,,,,False,False,False
TOOLS,HOME,https://www.liberty-express.org/,Tools / Control Hub,,,,,False,False,False
TOOLS,Playing Also>,https://www.liberty-express.org/playing-also.html,Tools / Control Hub,,,,,False,False,False
TOOLS,Liberty Player>,https://www.liberty-express.org/liberty-player.html,Tools / Control Hub,,,,,False,False,False
TOOLS,Liberty Free Channel 1,https://www.liberty-express.org/liberty-free-channel-1.html,Tools / Control Hub,,,,,False,False,False
TOOLS,Ancient Aliens,https://www.liberty-express.org/ancient-aliens1.html,Tools / Control Hub,scifi,,,,False,False,False
TOOLS,Playing Now>,https://www.liberty-express.org/playing-now.html,Tools / Control Hub,,,,,False,False,False
TOOLS,ADAM-12,https://www.liberty-express.org/adam-12.html,Tools / Control Hub,,,,,False,False,False
TOOLS,Barney Miller - Complete,https://www.liberty-express.org/barney-miller---complete.html,Tools / Control Hub,,,,,False,False,False
TOOLS,Bob Newhart Show,https://www.liberty-express.org/bob-newhart-show.html,Tools / Control Hub,,,,,True,False,False
TOOLS,BLACK SHEEP SQUADO,https://www.liberty-express.org/black-sheep-squado.html,Tools / Control Hub,,,,,False,False,False
TOOLS,Canada's Worst Driver,https://www.liberty-express.org/canadas-worst-driver.html,Tools / Control Hub,,,,,False,False,False
TOOLS,Corner Gas,https://www.liberty-express.org/corner-gas.html,Tools / Control Hub,,,,,False,False,False
TOOLS,Crime Zone,https://www.liberty-express.org/crime-zone.html,Tools / Control Hub,,,,,False,False,False
TOOLS,Hogans,https://www.liberty-express.org/hogans.html,Tools / Control Hub,,,,,False,False,False
TOOLS,Hogans Heroes S01>,https://www.liberty-express.org/hogans-heroes-s01.html,Tools / Control Hub,,,,,False,False,False
TOOLS,Hogans Heroes S02,https://www.liberty-express.org/hogans-heroes-s02.html,Tools / Control Hub,,,,,False,False,False
TOOLS,Hogans Heroes S0 3 to 6,https://www.liberty-express.org/hogans-heroes-s0-3-to-6.html,Tools / Control Hub,,,,,False,False,False
TOOLS,Home Improvement,https://www.liberty-express.org/home-improvement.html,Tools / Control Hub,,,,,False,False,False
TOOLS,LOONIE TUNES,https://www.liberty-express.org/loonie-tunes.html,Tools / Control Hub,,,,,False,False,False
TOOLS,The Beverly Hillbillies>,https://www.liberty-express.org/the-beverly-hillbillies.html,Tools / Control Hub,,,,,False,False,False
TOOLS,The Green Hornet,https://www.liberty-express.org/the-green-hornet.html,Tools / Control Hub,,,,,False,False,False
TOOLS,The Odd Couple 1970,https://www.liberty-express.org/the-odd-couple-1970.html,Tools / Control Hub,,,,,False,False,False
TOOLS,The Law Man,https://www.liberty-express.org/the-law-man.html,Tools / Control Hub,,,,,False,False,False
TOOLS,The Life and Times of Grizzly Adams,https://www.liberty-express.org/the-life-and-times-of-grizzly-adams.html,Tools / Control Hub,,,,,False,False,False
TOOLS,The Waltons,https://www.liberty-express.org/the-waltons.html,Tools / Control Hub,,,,,False,False,False
TOOLS,Petticoat Juntion,https://www.liberty-express.org/petticoat-juntion.html,Tools / Control Hub,,,,,False,False,False
TOOLS,Ice Road Truckers,https://www.liberty-express.org/ice-road-truckers1.html,Tools / Control Hub,,,,,False,False,False
TOOLS,I DEAL,https://www.liberty-express.org/i-deal.html,Tools / Control Hub,,,,,False,False,False
TOOLS,MAYDAY: AIR DISASTER,https://www.liberty-express.org/mayday-air-disaster.html,Tools / Control Hub,,,,,False,False,False
TOOLS,NYPD BLUE,https://www.liberty-express.org/nypd-blue.html,Tools / Control Hub,,,,,False,False,False
TOOLS,TAXI,https://www.liberty-express.org/taxi.html,Tools / Control Hub,,,,,False,False,False
TOOLS,WKRP,https://www.liberty-express.org/wkrp.html,Tools / Control Hub,,,,,False,False,False
TOOLS,WHO KNOWS TV - Custom  Player,https://www.liberty-express.org/who-knows-tv---custom-player.html,Tools / Control Hub,,,,,False,False,False
TOOLS,Liberty Classis 60's,https://www.liberty-express.org/liberty-classis-60s.html,Tools / Control Hub,,,,,False,False,False
TOOLS,Liberty Classis 70's,https://www.liberty-express.org/liberty-classis-70s.html,Tools / Control Hub,,,,,False,False,False
TOOLS,Liberty Classis 90's,https://www.liberty-express.org/liberty-classis-90s.html,Tools / Control Hub,,,,,False,False,False
TOOLS,POLICE STATE>,https://www.liberty-express.org/police-state.html,Tools / Control Hub,,,,,False,False,False
TOOLS,1917 2019,https://www.liberty-express.org/1917-2019.html,Tools / Control Hub,,,,,False,False,False
TOOLS,An American Bombing,https://www.liberty-express.org/an-american-bombing.html,Tools / Control Hub,,,,,False,False,False
TOOLS,Citizen X [2005],https://www.liberty-express.org/citizen-x-2005.html,Tools / Control Hub,,,,,False,False,False
TOOLS,Krakatoa: East of Java,https://www.liberty-express.org/krakatoa-east-of-java.html,Tools / Control Hub,,,,,False,False,False
TOOLS,The Big Combo (1955),https://www.liberty-express.org/the-big-combo-1955.html,Tools / Control Hub,,,,,False,False,False
TOOLS,The Caine Mutiny Court-Martial,https://www.liberty-express.org/the-caine-mutiny-court-martial.html,Tools / Control Hub,,,,,False,False,False
TOOLS,The Sixth Sense,https://www.liberty-express.org/the-sixth-sense.html,Tools / Control Hub,,,,,False,False,False
TOOLS,The Fith Element,https://www.liberty-express.org/the-fith-element.html,Tools / Control Hub,,,,,False,False,False
TOOLS,They Were Expendable,https://www.liberty-express.org/they-were-expendable.html,Tools / Control Hub,,,,,False,False,False
TOOLS,101 Embarrassing Sexual Accidents,https://dai.ly/k5VZ2ZtbIcZHe4C90Ki,Tools / Control Hub,,,,,False,False,False
TOOLS,Dirty Dozen,https://www.liberty-express.org/dirty-dozen.html,Tools / Control Hub,,,,,False,False,False
TOOLS,Stanley and Livingstone - Twentieth Century Fox,https://www.liberty-express.org/stanley-and-livingstone---twentieth-century-fox.html,Tools / Control Hub,,,,,False,False,False
TOOLS,Hanger 18,https://www.liberty-express.org/hanger-18.html,Tools / Control Hub,,,,,False,False,False
TOOLS,HILLBILLY ELEGY,https://www.liberty-express.org/hillbilly-elegy.html,Tools / Control Hub,,,,,False,False,False
TOOLS,Kingsman: The Secret Service,https://www.liberty-express.org/kingsman-the-secret-service.html,Tools / Control Hub,,,,,False,False,False
TOOLS,King Arthur,https://www.liberty-express.org/king-arthur.html,Tools / Control Hub,,,,,False,False,False
TOOLS,Mad Max 3: Beyond Thunderdome,https://www.liberty-express.org/mad-max-3-beyond-thunderdome.html,Tools / Control Hub,,,,,False,False,False
TOOLS,Never Cry Wolf,https://www.liberty-express.org/never-cry-wolf.html,Tools / Control Hub,,,,,False,False,False
TOOLS,NORTH & SOUTH,https://www.liberty-express.org/north--south.html,Tools / Control Hub,,,,,False,False,False
TOOLS,Rocky Balboa,https://www.liberty-express.org/rocky-balboa.html,Tools / Control Hub,,,,,False,False,False
TOOLS,Outrageous Fortune,https://www.liberty-express.org/outrageous-fortune.html,Tools / Control Hub,,,,,False,False,False
TOOLS,PATTON 1970,https://www.liberty-express.org/patton-1970.html,Tools / Control Hub,,,,,False,False,False
TOOLS,Pirates on the High Seas 1950,https://www.liberty-express.org/pirates-on-the-high-seas-1950.html,Tools / Control Hub,,,,,False,False,False
TOOLS,Pay It Forward,https://www.liberty-express.org/pay-it-forward.html,Tools / Control Hub,,,,,False,False,False
TOOLS,Pearl Harbor,https://www.liberty-express.org/pearl-harbor.html,Tools / Control Hub,,,,,False,False,False
TOOLS,The Jones Plantation,https://www.liberty-express.org/the-jones-plantation.html,Tools / Control Hub,,,,,False,False,False
TOOLS,Operation Neptune's Fury,https://www.liberty-express.org/operation-neptunes-fury.html,Tools / Control Hub,,,,,False,False,False
TOOLS,Herbie goes to Monti Carlo,https://www.liberty-express.org/herbie-goes-to-monti-carlo.html,Tools / Control Hub,,,,,False,False,False
TOOLS,Vacation,https://www.liberty-express.org/vacation.html,Tools / Control Hub,,,,,False,False,False
TOOLS,Dog Day Afternoon 1975 cc,https://www.liberty-express.org/dog-day-afternoon-1975-cc.html,Tools / Control Hub,,,,,False,False,False
TOOLS,U-571,https://www.liberty-express.org/u-571.html,Tools / Control Hub,,,,,False,False,False
TOOLS,Some Where In Time,https://www.liberty-express.org/some-where-in-time.html,Tools / Control Hub,,,,,False,False,False
TOOLS,Ancient Aliens,https://www.liberty-express.org/ancient-aliens.html,Tools / Control Hub,scifi,,,,False,False,False
TOOLS,Alien Empire,https://www.liberty-express.org/alien-empire.html,Tools / Control Hub,scifi,,,,False,False,False
TOOLS,UAP UFO Mystery,https://www.liberty-express.org/uap-ufo-mystery.html,Tools / Control Hub,,,,,False,False,False
TOOLS,Secureteam10,https://my90stv.com/?list=PLSFwGHU9R1W15_H1hxoeCiYib8aPuPo7Y,Tools / Control Hub,,,,,False,False,False
TOOLS,Climate Does Change>,https://www.liberty-express.org/weatherfacts.html,Tools / Control Hub,,,,,False,False,False
TOOLS,Geo-Engineering Watch,https://www.liberty-express.org/geo-engineering-watch.html,Tools / Control Hub,,,,,False,False,False
TOOLS,Weather Watch,https://www.liberty-express.org/weather-watch.html,Tools / Control Hub,,,,,False,False,False
TOOLS,Vaxxed Up,https://www.liberty-express.org/vaxxed-up.html,Tools / Control Hub,,,,,False,False,False
TOOLS,ELITE AIRBORNE Special Forces Operations,https://www.liberty-express.org/elite-airborne-special-forces-operations.html,Tools / Control Hub,,,,,False,False,False
TOOLS,Evil Knievel Daredevil,https://www.liberty-express.org/evil-knievel-daredevil.html,Tools / Control Hub,,,,,False,False,False
TOOLS,Russian Right Stuff,https://www.liberty-express.org/russian-right-stuff.html,Tools / Control Hub,,,,,False,False,False
TOOLS,Arctic Wilderness: A Scientific Odyssey,https://www.liberty-express.org/arctic-wilderness-a-scientific-odyssey.html,Tools / Control Hub,,,,,False,False,False
TOOLS,Life Nature,https://www.liberty-express.org/life-nature.html,Tools / Control Hub,,,,,False,False,False
TOOLS,The Kennedy Assassination,https://www.liberty-express.org/the-kennedy-assassination.html,Tools / Control Hub,,,,,False,False,False
TOOLS,The Men Who Built America,https://www.liberty-express.org/the-men-who-built-america.html,Tools / Control Hub,,,,,False,False,False
TOOLS,Yukon Passage,https://www.liberty-express.org/yukon-passage.html,Tools / Control Hub,british,,,,False,False,False
TOOLS,Smithsonian Channel,https://www.liberty-express.org/smithsonian-channel.html,Tools / Control Hub,,,,,False,False,False
TOOLS,The Long Road to War (,https://www.liberty-express.org/the-long-road-to-war.html,Tools / Control Hub,,,,,False,False,False
TOOLS,Transformation of America,https://www.liberty-express.org/transformation-of-america.html,Tools / Control Hub,,,,,False,False,False
TOOLS,The Amazon Review Killer,https://www.liberty-express.org/the-amazon-review-killer.html,Tools / Control Hub,,,,,False,False,False
TOOLS,And We Know,https://andweknow.com/,Tools / Control Hub,,,,,False,False,False
TOOLS,Distro TV,https://www.distro.tv/,Tools / Control Hub,,,,,False,False,False
TOOLS,Xumo TV,https://play.xumo.com/live-guide,Tools / Control Hub,,,,,False,False,False
TOOLS,LIBERTY FREE TV,https://www.liberty-express.org/liberty-free-tv.html,Tools / Control Hub,,,,,False,False,False
TOOLS,Playing Now 2,https://www.liberty-express.org/playing-now-2.html,Tools / Control Hub,,,,,False,False,False
TOOLS,What's Playing>,https://www.liberty-express.org/whats-playing.html,Tools / Control Hub,,,,,False,False,False
TOOLS,INFO WAR,https://www.liberty-express.org/infowars-667835.html,Tools / Control Hub,,,,,False,False,False
TOOLS,Web IPTV,https://www.liberty-express.org/web-iptv.html,Tools / Control Hub,,,,,False,False,False
TOOLS,OAN>,https://www.liberty-express.org/oan1.html,Tools / Control Hub,,,,,False,False,False
TOOLS,OAN & Media>,https://www.liberty-express.org/oan.html,Tools / Control Hub,,,,,False,False,False
TOOLS,Real Americas Voice,https://www.distro.tv/live/real-americas-voice/,Tools / Control Hub,,,,,False,False,False
TOOLS,Barnum World,https://www.liberty-express.org/barnum-world.html,Tools / Control Hub,,,,,False,False,False
TOOLS,What's Playing Now,https://www.liberty-express.org/whats-playing-now.html,Tools / Control Hub,,,,,False,False,False
TOOLS,Special Events / Video Gallery,https://www.liberty-express.org/special-events--video-gallery.html,Tools / Control Hub,,,,,False,False,False
TOOLS,INFO WAR,https://www.liberty-express.org/infowars.html,Tools / Control Hub,,,,,False,False,False
TOOLS,Infowars Video Archive,https://www.liberty-express.org/infowars-video-archive.html,Tools / Control Hub,,,,,False,False,False
TOOLS,Info Wars 1,https://www.liberty-express.org/info-wars-1.html,Tools / Control Hub,,,,,False,False,False
TOOLS,Info wars 2,https://www.infowars.com/show/,Tools / Control Hub,,,,,False,False,False
TOOLS,Battle For Disclosure>,"http://<iframe src=""https://archive.org/embed/tallis-scholars-russian-orthodox-music-13-the-great-canon-of-st-andrew-of-crete-for-bass-chorus"" width=""560"" height=""384"" frameborder=""0"" webkitallowfullscreen=""true"" mozallowfullscreen=""true"" allowfullscreen>",Tools / Control Hub,,,,,False,False,False
TOOLS,Martian Chronicles,https://www.liberty-express.org/martian-chronicles.html,Tools / Control Hub,,,,,False,False,False
TOOLS,The Case of the Ancient Astronauts,https://www.liberty-express.org/the-case-of-the-ancient-astronauts.html,Tools / Control Hub,,,,,False,False,False
TOOLS,Fox UFO Special,https://www.liberty-express.org/fox-ufo-special.html,Tools / Control Hub,,,,,False,False,False
TOOLS,LIBERTY WEB TV,https://www.liberty-express.org/liberty-web-tv.html,Tools / Control Hub,,,,,False,False,False
TOOLS,The Secret Service (1969),https://www.liberty-express.org/the-secret-service-1969.html,Tools / Control Hub,,,,,False,False,False
TOOLS,All Creatures Great And Small,https://archive.org/embed/all-creatures-great-and-small_202212&playlist=1,Tools / Control Hub,,,,,False,False,False
TOOLS,WKRP in Cincinatti,https://youtube.com/playlist?list=PLHSbAz1hu9sRIi36Zq4M5cafOcbEHNYzK&si=nS_R9W8n8seH-89A,Tools / Control Hub,,,,,False,False,False
TOOLS,The Apprentice,https://www.liberty-express.org/the-apprentice.html,Tools / Control Hub,,,,,False,False,False
TOOLS,Cats Mecca Media,https://woodncatsmediamecca.weebly.com/,Tools / Control Hub,,,,,False,False,False
TOOLS,The Odyssey,https://www.liberty-express.org/the-odyssey.html,Tools / Control Hub,,,,,False,False,False
TOOLS,The Chosen,https://www.liberty-express.org/the-chosen.html,Tools / Control Hub,,,,,False,False,False
TOOLS,Forensic Files,https://www.liberty-express.org/forensic-files.html,Tools / Control Hub,,,,,False,False,False
TOOLS,AIRY TV MIX,https://live.airy.tv/live-tv,Tools / Control Hub,,,,,False,False,False
TOOLS,My Retro TV,https://60s.myretrotvs.com/,Tools / Control Hub,classic,,,,False,False,False
TOOLS,Airy TV,https://live.airy.tv/live-tv,Tools / Control Hub,,,,,False,False,False
TOOLS,Free TV,https://www.liberty-express.org/free-tv.html,Tools / Control Hub,,,,,False,False,False
TOOLS,Klowd TV,https://www.klowdtv.com/watch.ktv,Tools / Control Hub,,,,,False,False,False
TOOLS,Playing something ?,https://www.liberty-express.org/playing-something.html,Tools / Control Hub,,,,,False,False,False
TOOLS,TCN Network,https://www.liberty-express.org/tcn-network.html,Tools / Control Hub,,,,,False,False,False
TOOLS,Truth Social Video,https://www.liberty-express.org/truth-social-video.html,Tools / Control Hub,,,,,False,False,False
TOOLS,MY 3U TV,https://www.liberty-express.org/my-3u-tv.html,Tools / Control Hub,,,,,False,False,False
TOOLS,Pop  Music Videos,https://www.liberty-express.org/pop-music-videos.html,Tools / Control Hub,,,,,False,False,False
TOOLS,Sunny Side Deep House,https://www.liberty-express.org/sunny-side-deep-house.html,Tools / Control Hub,,,,,False,False,False
TOOLS,Bargrooves Deeper 3.0,https://www.liberty-express.org/bargrooves-deeper-30.html,Tools / Control Hub,,,,,False,False,False
TOOLS,Beatport top 100 2022,https://www.liberty-express.org/beatport-top-100-2022.html,Tools / Control Hub,,,,,False,False,False
TOOLS,Rush Limbaugh,https://www.liberty-express.org/rush-limbaugh.html,Tools / Control Hub,,,,,False,False,False
TOOLS,Pod Casters,https://www.liberty-express.org/pod-casters.html,Tools / Control Hub,,,,,False,False,False
TOOLS,Search No Agenda,https://www.liberty-express.org/search-no-agenda.html,Tools / Control Hub,,,,,False,False,False
TOOLS,Patriot Follow Links>,https://www.liberty-express.org/patriot-follow-links.html,Tools / Control Hub,,,,,False,False,False
TOOLS,Grok  Likes Legalman,https://www.liberty-express.org/grok-likes-legalman.html,Tools / Control Hub,,,,,False,False,False
TOOLS,Tucker On X,https://www.liberty-express.org/tucker-on-x.html,Tools / Control Hub,,,,,False,False,False
TOOLS,X HEROES,https://www.liberty-express.org/x-heroes.html,Tools / Control Hub,,,,,False,False,False
TOOLS,Charlie Kirk Memories,https://www.liberty-express.org/charlie-kirk-memories.html,Tools / Control Hub,,,,,False,False,False
TOOLS,Jeff Kuhner Country,https://www.liberty-express.org/jeff-kuhner-country1.html,Tools / Control Hub,,,,,False,False,False
TOOLS,Legalman The Quash,https://www.liberty-express.org/legalman-the-quash.html,Tools / Control Hub,,,,,False,False,False
TOOLS,Body Language,https://www.liberty-express.org/body-language.html,Tools / Control Hub,,,,,False,False,False
TOOLS,Liberty Socials>,https://www.liberty-express.org/liberty-socials.html,Tools / Control Hub,,,,,False,False,False
TOOLS,Thoroughbred Horse Racing Global,https://www.liberty-express.org/horse.html,Tools / Control Hub,,,,,False,False,False
TOOLS,Back up Blogger Page>,https://www.liberty-express.org/back-up-blogger-page.html,Tools / Control Hub,,,,,False,False,False
TOOLS,Find Everything Here,https://www.liberty-express.org/find-everything-here.html,Tools / Control Hub,,,,,False,False,False
TOOLS,what playing now>,https://www.liberty-express.org/what-playing-now.html,Tools / Control Hub,,,,,False,False,False
TOOLS,Tribute Page for Charlie Kirk,https://www.liberty-express.org/tribute-page-for-charlie-kirk.html,Tools / Control Hub,,,,,False,False,False
TOOLS,RIIFT,https://www.liberty-express.org/riift.html,Tools / Control Hub,,,,,False,False,False
TOOLS,FrankSpeech Social,https://www.liberty-express.org/frankspeech-social.html,Tools / Control Hub,,,,,False,False,False
TOOLS,West Coast Traffic Map,https://www.liberty-express.org/west-coast-traffic-map.html,Tools / Control Hub,,,,,False,False,False
TOOLS,Weather Channel,https://samsungtvplus.page.link/Xyr97CXecgnfM8mS8,Tools / Control Hub,,,,,False,False,False
TOOLS,The First>,https://rumble.com/vjmjz7-the-first-tv-live.html,Tools / Control Hub,,,,,False,False,False
TOOLS,The First #2,https://www.liberty-express.org/the-first-2.html,Tools / Control Hub,,,,,False,False,False
TOOLS,8 panel you tube,https://www.liberty-express.org/8-panel-you-tube.html,Tools / Control Hub,,,,,False,False,False
TOOLS,Patriot TV,https://www.liberty-express.org/patriot-tv.html,Tools / Control Hub,,,,,False,False,False
TOOLS,Liberty Blogs,https://www.liberty-express.org/memory.html,Tools / Control Hub,,,,,False,False,False
TOOLS,From Freedom to Firewalls: C-2â€™s Path to Digital Tyranny,https://www.liberty-express.org/digitaltyranny.html,Tools / Control Hub,,,,,False,False,False
TOOLS,DISCOVER TRUTH,https://vacscoverthetruth.blogspot.com/2024/03/the-alex-jones-show.html,Tools / Control Hub,,,,,False,False,False
TOOLS,Let's Go Brandon,https://www.liberty-express.org/brandon.html,Tools / Control Hub,,,,,False,False,False
TOOLS,Hybrid Humans,https://www.liberty-express.org/hybrid-humans.html,Tools / Control Hub,,,,,False,False,False
TOOLS,Unsilenced Canadaâ€™s Underground Medical Rebellion,https://dai.ly/k5WO8a9Q6YeNkBBNuIE,Tools / Control Hub,,,,,False,False,False
TOOLS,Clot Shots>,https://www.liberty-express.org/pandemic.html,Tools / Control Hub,,,,,False,False,False
TOOLS,RAID Montrealâ€™s Police War Against Citizen Journalism,https://dai.ly/klJxqRLbcERbQ1BNtce,Tools / Control Hub,,,,,False,False,False
TOOLS,Clot Shots Video Archive,https://www.liberty-express.org/clot-shots-video-archive.html,Tools / Control Hub,,,,,False,False,False
TOOLS,The Real Anthony Fauci>,https://www.liberty-express.org/drfraud.html,Tools / Control Hub,,,,,False,False,False
TOOLS,The Real Dr Fauci,https://www.liberty-express.org/the-real-dr-fauci.html,Tools / Control Hub,,,,,False,False,False
TOOLS,blog,https://www.liberty-express.org/blog.html,Tools / Control Hub,,,,,False,False,False
TOOLS,Biden Crimes,https://www.liberty-express.org/biden-crimes.html,Tools / Control Hub,,,,,False,False,False
TOOLS,RUSSIA HOAX EXPOSED,https://www.liberty-express.org/russia-hoax-exposed.html,Tools / Control Hub,,,,,False,False,False
TOOLS,CIA ARE THE VIRUS,https://www.liberty-express.org/cia-are-the-virus.html,Tools / Control Hub,,,,,False,False,False
TOOLS,St James Island The Elites Chasing Youth,https://www.liberty-express.org/st-james-island-the-elites-chasing-youth.html,Tools / Control Hub,,,,,False,False,False
TOOLS,Justin Trudeau Dictator,https://www.liberty-express.org/justin-trudeau-dictator.html,Tools / Control Hub,,,,,False,False,False
TOOLS,Border Hawk Cams,https://www.liberty-express.org/border-hawk-cams.html,Tools / Control Hub,,,,,False,False,False
TOOLS,Border Hawk,https://www.liberty-express.org/border-hawk.html,Tools / Control Hub,,,,,False,False,False
TOOLS,2024 Republican National Convention,https://www.liberty-express.org/2024-republican-national-convention.html,Tools / Control Hub,,,,,False,False,False
TOOLS,Navigate,https://www.liberty-express.org/navigate.html,Tools / Control Hub,,,,,False,False,False
TOOLS,Playing Now 3,https://www.liberty-express.org/playing-now-3.html,Tools / Control Hub,,,,,False,False,False
TOOLS,The Chosen Adventure's,https://www.liberty-express.org/the-chosen-adventures.html,Tools / Control Hub,,,,,False,False,False
TOOLS,Variety Television,https://www.liberty-express.org/variety-television.html,Tools / Control Hub,,,,,False,False,False
TOOLS,Liberty Free Channel 1,https://www.liberty-express.org/liberty-free-channel-11.html,Tools / Control Hub,,,,,False,False,False
TOOLS,Liberty Free Channel 2,https://www.liberty-express.org/liberty-free-channel-2.html,Tools / Control Hub,,,,,False,False,False
TOOLS,Liberty Free Channel 3,https://www.liberty-express.org/liberty-free-channel-3.html,Tools / Control Hub,,,,,False,False,False
TOOLS,Project Veritos,https://www.liberty-express.org/project-veritos.html,Tools / Control Hub,,,,,False,False,False
TOOLS,HILLBILLY ELEGY,https://www.liberty-express.org/hillbilly-elegy1.html,Tools / Control Hub,,,,,False,False,False
TOOLS,Academy Awards Best Pictures (1927 - 2020),https://www.liberty-express.org/academy-awards-best-pictures-1927---2020.html,Tools / Control Hub,,,,,False,False,False
TOOLS,SURVIVORS  British,https://www.liberty-express.org/survivors-british.html,Tools / Control Hub,british,,,,False,False,False
TOOLS,ROOTS TV SEIRES,https://www.liberty-express.org/roots-tv-seires.html,Tools / Control Hub,,,,,False,False,False
TOOLS,THE NEPHILIM GIANTS,https://www.liberty-express.org/the-nephilim-giants.html,Tools / Control Hub,,,,,False,False,False
TOOLS,Monster Squad,https://www.liberty-express.org/monster-squad.html,Tools / Control Hub,,,,,False,False,False
TOOLS,All Dogs Go To Heaven,https://www.liberty-express.org/all-dogs-go-to-heaven.html,Tools / Control Hub,,,,,False,False,False
TOOLS,Mr Rogers Neighborhood,https://www.liberty-express.org/mr-rogers-neighborhood.html,Tools / Control Hub,,,,,False,False,False
TOOLS,Animated VHS and DVD,https://www.liberty-express.org/animated-vhs-and-dvd.html,Tools / Control Hub,animated,,,,False,False,False
TOOLS,WALT DISNEY PRESENTS,https://www.liberty-express.org/walt-disney-presents.html,Tools / Control Hub,,,,,False,False,False
TOOLS,The Jettisons,https://www.liberty-express.org/the-jettisons.html,Tools / Control Hub,,,,,False,False,False
TOOLS,BANACEK,https://www.liberty-express.org/banacek.html,Tools / Control Hub,,,,,False,False,False
TOOLS,Looney Tunes The Collector's Edition,https://www.liberty-express.org/looney-tunes-the-collectors-edition.html,Tools / Control Hub,,,,,False,False,True
TOOLS,The Little Rascals Colorized,https://www.liberty-express.org/the-little-rascals-colorized.html,Tools / Control Hub,,,,,False,False,False
TOOLS,Sci Fi Channel,https://www.liberty-express.org/sci-fi-channel.html,Tools / Control Hub,,,,,False,False,False
TOOLS,ON The Busses,https://www.liberty-express.org/on-the-busses.html,Tools / Control Hub,,,,,False,False,False
TOOLS,Laurel and Hardy Colorized,https://www.liberty-express.org/laurel-and-hardy-colorized.html,Tools / Control Hub,,,,,False,False,False
TOOLS,Schedule Flow,https://www.liberty-express.org/schedule-flow.html,Tools / Control Hub,,,,,False,False,False
TOOLS,ððšð«ð«ð²ð¦ð¨ð«ðž,https://www.liberty-express.org/119809119834119851119851119858119846119848119851119838.html,Tools / Control Hub,,,,,False,False,False
TOOLS,The Persuaders!,https://www.liberty-express.org/the-persuaders.html,Tools / Control Hub,,,,,False,False,False
TOOLS,FATHER TED,https://www.liberty-express.org/father-ted.html,Tools / Control Hub,,,,,False,False,False
TOOLS,RECESS CHRISTMAS,https://www.liberty-express.org/recess-christmas.html,Tools / Control Hub,,,,,False,False,False
TOOLS,HOGANS HEROS,https://www.liberty-express.org/hogans-heros.html,Tools / Control Hub,,,,,False,False,False
TOOLS,East Side: West Side,https://www.liberty-express.org/east-side-west-side.html,Tools / Control Hub,,,,,False,False,False
TOOLS,The Prisoner,https://www.liberty-express.org/the-prisoner.html,Tools / Control Hub,,,,,False,False,False
TOOLS,Hamish Macbeth,https://www.liberty-express.org/hamish-macbeth.html,Tools / Control Hub,,,,,False,False,False
TOOLS,FREINDS,https://www.liberty-express.org/freinds.html,Tools / Control Hub,,,,,False,False,False
TOOLS,Homicide,https://www.liberty-express.org/homicide.html,Tools / Control Hub,,,,,False,False,False
TOOLS,Inferno ( 1953),https://www.liberty-express.org/inferno--1953.html,Tools / Control Hub,,,,,False,False,False
TOOLS,DADS ARMY,https://www.liberty-express.org/dads-army.html,Tools / Control Hub,,,,,False,False,False
TOOLS,British Music Videos,https://www.liberty-express.org/british-music-videos.html,Tools / Control Hub,british,,,,False,False,False
TOOLS,Rising Damp,https://www.liberty-express.org/rising-damp.html,Tools / Control Hub,,,,,False,False,False
TOOLS,Red Dwarf,https://www.liberty-express.org/red-dwarf.html,Tools / Control Hub,,,,,False,False,False
TOOLS,Come Fly With Me,https://www.liberty-express.org/come-fly-with-me.html,Tools / Control Hub,,,,,False,False,False
TOOLS,BLACK ADDER,https://www.liberty-express.org/black-adder.html,Tools / Control Hub,,,,,False,False,False
TOOLS,New Page,https://www.liberty-express.org/new-page.html,Tools / Control Hub,,,,,True,False,False
TOOLS,Fall Of The Maya Kings,https://www.liberty-express.org/fall-of-the-maya-kings.html,Tools / Control Hub,,,,,False,False,False
TOOLS,Breaker Morant: The Retrial (2013),https://www.liberty-express.org/breaker-morant-the-retrial-2013.html,Tools / Control Hub,,,,,False,False,False
TOOLS,Midnight Mission,https://www.liberty-express.org/midnight-mission.html,Tools / Control Hub,,,,,False,False,False
TOOLS,THE-PRESIDENTS-BOOK-OF-SECRETS-2010,https://www.liberty-express.org/the-presidents-book-of-secrets-2010.html,Tools / Control Hub,,,,,False,False,False
TOOLS,Murder in Monaco (2025),https://www.liberty-express.org/murder-in-monaco-2025.html,Tools / Control Hub,,,,,False,False,False
TOOLS,The Secrets We Bury (2025),https://www.liberty-express.org/the-secrets-we-bury-2025.html,Tools / Control Hub,,,,,False,False,False
TOOLS,Coward of the County (1981),https://www.liberty-express.org/coward-of-the-county-1981.html,Tools / Control Hub,,,,,False,False,False
TOOLS,Steve Backshall's Royal Arctic Challenge (2025,https://www.liberty-express.org/steve-backshalls-royal-arctic-challenge-2025.html,Tools / Control Hub,,,,,False,False,False
TOOLS,The Night Before Christmas (1933),https://www.liberty-express.org/the-night-before-christmas-1933.html,Tools / Control Hub,,,,,False,False,False
TOOLS,One Day in the Life of Noah Piugattuk,https://www.liberty-express.org/one-day-in-the-life-of-noah-piugattuk.html,Tools / Control Hub,british,,,,False,False,False
TOOLS,Precious Leader Woman,https://www.liberty-express.org/precious-leader-woman.html,Tools / Control Hub,,,,,False,False,False
TOOLS,A Make or Break Holiday,https://www.liberty-express.org/a-make-or-break-holiday.html,Tools / Control Hub,,,,,False,False,False
TOOLS,Waiting for Harry,https://www.liberty-express.org/waiting-for-harry.html,Tools / Control Hub,,,,,False,False,False
TOOLS,Elway,https://www.liberty-express.org/elway.html,Tools / Control Hub,,,,,False,False,False
TOOLS,Bang,https://www.liberty-express.org/bang.html,Tools / Control Hub,,,,,False,False,False
TOOLS,The Unholy Trinity (2025),https://www.liberty-express.org/the-unholy-trinity-2025.html,Tools / Control Hub,,,,,False,False,False
TOOLS,Reflection in a Dead Diamond (2025),https://www.liberty-express.org/reflection-in-a-dead-diamond-2025.html,Tools / Control Hub,,,,,False,False,False
TOOLS,Death Valley Days,https://www.liberty-express.org/death-valley-days.html,Tools / Control Hub,,,,,False,False,False
TOOLS,RAWHIDE,https://www.liberty-express.org/rawhide.html,Tools / Control Hub,,,,,False,False,False
TOOLS,ð•‹ð•™ð•– ð•ƒð•šð•—ð•– ð”¸ð•Ÿð•• ð•ƒð•–ð•˜ð•–ð•Ÿð•• ð•†ð•— ð•Žð•ªð•’ð•¥ð•¥ ð”¼ð•’ð•£ð•¡,https://www.liberty-express.org/120139120153120150-120131120154120151120150-120120120159120149-120131120150120152120150120159120149-120134120151-120142120170120146120165120165-120124120146120163120161.html,Tools / Control Hub,,,,,False,False,False
TOOLS,Control Hub,https://www.liberty-express.org/control-hub1.html,Tools / Control Hub,,,,,False,False,False
TOOLS,Dr Strangelove,https://www.liberty-express.org/dr-strangelove.html,Tools / Control Hub,,,,,False,False,False
TOOLS,TRIPPING THE RIFT,https://www.liberty-express.org/tripping-the-rift.html,Tools / Control Hub,,,,,False,False,False
TOOLS,The Benny Hill Show,https://www.liberty-express.org/the-benny-hill-show.html,Tools / Control Hub,,,,,False,False,False
TOOLS,Wormwood,https://www.liberty-express.org/wormwood.html,Tools / Control Hub,,,,,False,False,False
TOOLS,Get Smart,https://www.liberty-express.org/get-smart.html,Tools / Control Hub,,,,,False,False,False
TOOLS,Judge Roy Bean,https://www.liberty-express.org/judge-roy-bean.html,Tools / Control Hub,,,,,False,False,False
TOOLS,Robinson Crusoe Of Clipper Island,https://www.liberty-express.org/robinson-crusoe-of-clipper-island.html,Tools / Control Hub,,,,,False,False,False
TOOLS,Robinson Crusoe Of Clipper Island,https://www.liberty-express.org/robinson-crusoe-of-clipper-island1.html,Tools / Control Hub,,,,,False,False,False
TOOLS,Lost City Of The Jungle,https://www.liberty-express.org/lost-city-of-the-jungle.html,Tools / Control Hub,,,,,False,False,False
TOOLS,COLUMBO,https://www.liberty-express.org/columbo.html,Tools / Control Hub,,,,,False,False,False
TOOLS,Runaway,https://www.liberty-express.org/runaway.html,Tools / Control Hub,,,,,False,False,False
TOOLS,Tales Of Wells Fargo,https://www.liberty-express.org/tales-of-wells-fargo.html,Tools / Control Hub,,,,,False,False,False
TOOLS,WE TV Player,https://www.liberty-express.org/we-tv-player.html,Tools / Control Hub,,,,,False,False,False
TOOLS,WE TV add your own playlist,https://www.liberty-express.org/we-tv-add-your-own-playlist.html,Tools / Control Hub,,,,,False,False,False
TOOLS,Australia Samsung TV,https://www.liberty-express.org/australia-samsung-tv.html,Tools / Control Hub,,,,,False,False,False
TOOLS,Text Meme Builder,https://www.liberty-express.org/text-meme-builder.html,Tools / Control Hub,,,,,False,False,False
TOOLS,Patriot Network & Resources,https://www.liberty-express.org/patriot-network--resources.html,Tools / Control Hub,,,,,False,False,False
TOOLS,"Milton William ""Bill"" Cooper",https://www.liberty-express.org/milton-william-bill-cooper.html,Tools / Control Hub,,,,,False,False,False
TOOLS,Canada Propaganda,https://www.liberty-express.org/canada-propaganda.html,Tools / Control Hub,,,,,False,False,False
TOOLS,Link Page,https://www.liberty-express.org/link-page.html,Tools / Control Hub,,,,,False,False,False
TOOLS,NBC Propaganda,https://www.liberty-express.org/nbc-propaganda.html,Tools / Control Hub,,,,,False,False,False
NEWS,Alex Jones And Editors Picks,https://www.liberty-express.org/infowars-archive-complete-episode-player.html,News & Current Events,,,,,False,False,False
NEWS,ALEX JONES>,https://www.liberty-express.org/alex-jones.html,News & Current Events,,,,,False,False,False
NEWS,ALEX JONES  TODAY,https://www.liberty-express.org/alex-jones-today.html,News & Current Events,,,,,False,False,False
NEWS,ALEX JONES PREDICTIONs  2023,https://www.liberty-express.org/alex-jones-predictions-2023.html,News & Current Events,,,,,False,False,False
NEWS,Alex Jones On X,https://www.liberty-express.org/alex-jones-on-x.html,News & Current Events,,,,,False,False,False
NEWS,Alex Jones And Editors Picks,https://www.liberty-express.org/alex-jones-and-editors-picks.html,News & Current Events,,,,,False,False,False
NEWS,ALEX JONES  EVERTYTHING,https://www.liberty-express.org/alex-jones-evertything.html,News & Current Events,,,,,False,False,False
NEWS,ALEX JONES  EVERTYTHING,https://www.liberty-express.org/alex-jones-evertything1.html,News & Current Events,,,,,False,False,False
NEWS,The Epoch Times (2022),https://www.liberty-express.org/the-epoch-times-2022.html,News & Current Events,,,,,False,False,False
WESTERNS,Big Western Channel 1,https://www.liberty-express.org/big-western-channel-1.html,Westerns,western,,,,False,False,False
WESTERNS,Cowboy Way,https://www.distro.tv/live/cowboy-way/,Westerns,western,,,,False,False,False
WESTERNS,CHEYENNE,https://www.liberty-express.org/cheyenne.html,Westerns,,,,,False,False,False
WESTERNS,Gunsmoke,https://www.liberty-express.org/gunsmoke.html,Westerns,,,,,False,False,False
